Title,Slug,Collection ID,Locale ID,Item ID,Archived,Draft,Created On,Updated On,Published On,Date Acquired,File,LC Number
As Introduced LC 39 4625,lc-39-4625,67861f05e4b833befb25b8fe,67843d70a45f9d8484be0987,67bba6f06d7f0ade267c21ba,false,false,Sun Feb 23 2025 22:53:36 GMT+0000 (Coordinated Universal Time),Sun Feb 23 2025 22:53:36 GMT+0000 (Coordinated Universal Time),Sun Feb 23 2025 22:53:36 GMT+0000 (Coordinated Universal Time),Tue Feb 18 2025 00:00:00 GMT+0000 (Coordinated Universal Time),https://cdn.prod.website-files.com/67843d70a45f9d8484be0988/67bba66d8fcfad38a552d836_20252026-232616.pdf,LC 39 4625
As Introduced LC 44 2920ER,lc-44-2920er,67861f05e4b833befb25b8fe,67843d70a45f9d8484be0987,67a6e12f5e5c1e5ae4fd2da2,false,false,Sat Feb 08 2025 04:44:31 GMT+0000 (Coordinated Universal Time),Sat Feb 08 2025 04:44:31 GMT+0000 (Coordinated Universal Time),Sat Feb 08 2025 04:44:31 GMT+0000 (Coordinated Universal Time),Mon Jan 27 2025 00:00:00 GMT+0000 (Coordinated Universal Time),https://cdn.prod.website-files.com/67843d70a45f9d8484be0988/67a6e1231e4d74a7c0ae778b_20252026-230407%20(1).pdf,LC 44 2920ER
As Introduced LC 46 0944,lc-46-0944,67861f05e4b833befb25b8fe,67843d70a45f9d8484be0987,67aacba763fbe5319b4f0963,false,false,Tue Feb 11 2025 04:01:43 GMT+0000 (Coordinated Universal Time),Tue Feb 11 2025 04:01:43 GMT+0000 (Coordinated Universal Time),Tue Feb 11 2025 04:01:43 GMT+0000 (Coordinated Universal Time),Tue Jan 28 2025 00:00:00 GMT+0000 (Coordinated Universal Time),https://cdn.prod.website-files.com/67843d70a45f9d8484be0988/67aacba451d5db938562a26a_20252026-230437.pdf,LC 46 0944
As Introduced LC 49 2008,lc-49-2008,67861f05e4b833befb25b8fe,67843d70a45f9d8484be0987,67a6cb7ee5784778a1029d17,false,false,Sat Feb 08 2025 03:11:58 GMT+0000 (Coordinated Universal Time),Sat Feb 08 2025 03:11:58 GMT+0000 (Coordinated Universal Time),Sat Feb 08 2025 03:11:58 GMT+0000 (Coordinated Universal Time),Fri Jan 17 2025 00:00:00 GMT+0000 (Coordinated Universal Time),https://cdn.prod.website-files.com/67843d70a45f9d8484be0988/678d330d07aa363b4cd6acdc_20252026-230199.pdf,LC 49 2008
As Introduced LC 49 2089,lc-49-2089,67861f05e4b833befb25b8fe,67843d70a45f9d8484be0987,67862e7d218b953505edfe34,false,false,Tue Jan 14 2025 09:29:33 GMT+0000 (Coordinated Universal Time),Sat Feb 08 2025 02:41:55 GMT+0000 (Coordinated Universal Time),Sat Feb 08 2025 02:41:55 GMT+0000 (Coordinated Universal Time),Mon Jan 13 2025 00:00:00 GMT+0000 (Coordinated Universal Time),https://cdn.prod.website-files.com/67843d70a45f9d8484be0988/67862e767a5370f07d6a83f6_20252026-229718.pdf,LC 49 2089
As Introduced LC 49 2126,lc-49-2126,67861f05e4b833befb25b8fe,67843d70a45f9d8484be0987,67a6ebca9264e889a6543342,false,false,Sat Feb 08 2025 05:29:46 GMT+0000 (Coordinated Universal Time),Sat Feb 08 2025 05:29:46 GMT+0000 (Coordinated Universal Time),Sat Feb 08 2025 05:29:46 GMT+0000 (Coordinated Universal Time),Tue Jan 28 2025 00:00:00 GMT+0000 (Coordinated Universal Time),https://cdn.prod.website-files.com/67843d70a45f9d8484be0988/67a6ebab5675c4caf4e6fbf0_20252026-230449.pdf,LC 49 2126
As Introduced LC 49 2137,lc-49-2137,67861f05e4b833befb25b8fe,67843d70a45f9d8484be0987,67aac6e9d5a3909eeb76e769,false,false,Tue Feb 11 2025 03:41:29 GMT+0000 (Coordinated Universal Time),Tue Feb 11 2025 03:41:29 GMT+0000 (Coordinated Universal Time),Tue Feb 11 2025 03:41:29 GMT+0000 (Coordinated Universal Time),Mon Jan 27 2025 00:00:00 GMT+0000 (Coordinated Universal Time),https://cdn.prod.website-files.com/67843d70a45f9d8484be0988/67aac6aa0a5f9ff7075fbe40_20252026-230374.pdf,LC 49 2137
As Introduced LC 49 2175,lc-49-2175,67861f05e4b833befb25b8fe,67843d70a45f9d8484be0987,67aac52bef0e2b203fda66a4,false,false,Tue Feb 11 2025 03:34:03 GMT+0000 (Coordinated Universal Time),Tue Feb 11 2025 03:34:03 GMT+0000 (Coordinated Universal Time),Tue Feb 11 2025 03:34:03 GMT+0000 (Coordinated Universal Time),Mon Feb 03 2025 00:00:00 GMT+0000 (Coordinated Universal Time),https://cdn.prod.website-files.com/67843d70a45f9d8484be0988/67aac5270a5f9ff7075eb218_20252026-230988.pdf,LC 49 2175
As Introduced LC 49 2204,lc-49-2204,67861f05e4b833befb25b8fe,67843d70a45f9d8484be0987,67a9e32a6d5a194519111d3a,false,false,Mon Feb 10 2025 11:29:46 GMT+0000 (Coordinated Universal Time),Mon Feb 10 2025 11:29:46 GMT+0000 (Coordinated Universal Time),Mon Feb 10 2025 11:29:46 GMT+0000 (Coordinated Universal Time),Tue Feb 04 2025 00:00:00 GMT+0000 (Coordinated Universal Time),https://cdn.prod.website-files.com/67843d70a45f9d8484be0988/67a9e3213518ab4d0ac33eb2_20252026-231332%20(1).pdf,LC 49 2204
As Introduced LC 52 0647,lc-52-0647,67861f05e4b833befb25b8fe,67843d70a45f9d8484be0987,67a6e8665687922cea2f6910,false,false,Sat Feb 08 2025 05:15:18 GMT+0000 (Coordinated Universal Time),Sat Feb 08 2025 05:15:18 GMT+0000 (Coordinated Universal Time),Sat Feb 08 2025 05:15:18 GMT+0000 (Coordinated Universal Time),,https://cdn.prod.website-files.com/67843d70a45f9d8484be0988/67a6e83640f8a5868a2286cd_230415.pdf,LC 52 0647
As Introduced LC 52 0659,lc-52-0659,67861f05e4b833befb25b8fe,67843d70a45f9d8484be0987,67a6dd90af83573b224bd681,false,false,Sat Feb 08 2025 04:29:04 GMT+0000 (Coordinated Universal Time),Sat Feb 08 2025 04:29:04 GMT+0000 (Coordinated Universal Time),Sat Feb 08 2025 04:29:04 GMT+0000 (Coordinated Universal Time),Mon Jan 27 2025 00:00:00 GMT+0000 (Coordinated Universal Time),https://cdn.prod.website-files.com/67843d70a45f9d8484be0988/67a6dd8a53a52491d9bd928a_20252026-230356%20(1).pdf,LC 52 0659
As Introduced LC 52 0778,as-introduced-lc-52-0778,67861f05e4b833befb25b8fe,67843d70a45f9d8484be0987,67c47793dbf2c699cded1b19,false,false,Sun Mar 02 2025 15:21:55 GMT+0000 (Coordinated Universal Time),Sun Mar 02 2025 15:21:55 GMT+0000 (Coordinated Universal Time),Sun Mar 02 2025 15:21:55 GMT+0000 (Coordinated Universal Time),Thu Mar 27 2025 00:00:00 GMT+0000 (Coordinated Universal Time),https://cdn.prod.website-files.com/67843d70a45f9d8484be0988/67c4776e96e6d11bd0371491_20252026-234320.pdf,LC 52 0778
As Introduced LC 55 0435,as-introduced-lc-55-0435,67861f05e4b833befb25b8fe,67843d70a45f9d8484be0987,67a9dc7c9412141f52df9942,false,false,Mon Feb 10 2025 11:01:16 GMT+0000 (Coordinated Universal Time),Mon Feb 10 2025 11:01:16 GMT+0000 (Coordinated Universal Time),Mon Feb 10 2025 11:01:16 GMT+0000 (Coordinated Universal Time),Wed Jan 29 2025 00:00:00 GMT+0000 (Coordinated Universal Time),https://cdn.prod.website-files.com/67843d70a45f9d8484be0988/67a9dc5c76bdf7b64316f3d6_20252026-230600%20(2).pdf,LC 55 0435
As Introduced LC 56 0290,lc-56-0290,67861f05e4b833befb25b8fe,67843d70a45f9d8484be0987,67bbeff109d57079219653c2,false,false,Mon Feb 24 2025 04:05:05 GMT+0000 (Coordinated Universal Time),Mon Feb 24 2025 04:05:05 GMT+0000 (Coordinated Universal Time),Mon Feb 24 2025 04:05:05 GMT+0000 (Coordinated Universal Time),Tue Feb 18 2025 00:00:00 GMT+0000 (Coordinated Universal Time),https://cdn.prod.website-files.com/67843d70a45f9d8484be0988/67bbefdc4b7eaf541a29599a_20252026-232736.pdf,LC 56 0290
As Introduced LC 57 0191,lc-57-0191,67861f05e4b833befb25b8fe,67843d70a45f9d8484be0987,67a9e0a3552e1bc8b8ad2a16,false,false,Mon Feb 10 2025 11:18:59 GMT+0000 (Coordinated Universal Time),Mon Feb 10 2025 11:18:59 GMT+0000 (Coordinated Universal Time),Mon Feb 10 2025 11:18:59 GMT+0000 (Coordinated Universal Time),Wed Jan 29 2025 00:00:00 GMT+0000 (Coordinated Universal Time),https://cdn.prod.website-files.com/67843d70a45f9d8484be0988/67a9e09dd64561f6eed0d70c_20252026-230693.pdf,LC 57 0191
As Introduced LC 62 0135,lc-62-0135,67861f05e4b833befb25b8fe,67843d70a45f9d8484be0987,67c4865a9a93e78ca65fbc2d,false,false,Sun Mar 02 2025 16:24:58 GMT+0000 (Coordinated Universal Time),Sun Mar 02 2025 16:25:15 GMT+0000 (Coordinated Universal Time),Sun Mar 02 2025 16:25:15 GMT+0000 (Coordinated Universal Time),Thu Feb 27 2025 00:00:00 GMT+0000 (Coordinated Universal Time),https://cdn.prod.website-files.com/67843d70a45f9d8484be0988/67c48648c9a63a2a1be47486_20252026-234440.pdf,LC 62 0135
As introduced LC 49 2229,lc-49-2229,67861f05e4b833befb25b8fe,67843d70a45f9d8484be0987,67c4747e4958e205e7f780fa,false,false,Sun Mar 02 2025 15:08:46 GMT+0000 (Coordinated Universal Time),Sun Mar 02 2025 15:08:46 GMT+0000 (Coordinated Universal Time),Sun Mar 02 2025 15:08:46 GMT+0000 (Coordinated Universal Time),Mon Feb 24 2025 00:00:00 GMT+0000 (Coordinated Universal Time),https://cdn.prod.website-files.com/67843d70a45f9d8484be0988/67c4747395569284b693d5f6_20252026-233726.pdf,LC 49 2229
Committee Sub LC 46 1061S,lc-46-1061s,67861f05e4b833befb25b8fe,67843d70a45f9d8484be0987,67a6e8b12a269c8d4b3a1c2d,false,false,Sat Feb 08 2025 05:16:33 GMT+0000 (Coordinated Universal Time),Sat Feb 08 2025 05:16:33 GMT+0000 (Coordinated Universal Time),Sat Feb 08 2025 05:16:33 GMT+0000 (Coordinated Universal Time),Tue Feb 04 2025 00:00:00 GMT+0000 (Coordinated Universal Time),https://cdn.prod.website-files.com/67843d70a45f9d8484be0988/67a6e886e5784778a111b09a_20252026-231357.pdf,LC 46 1061S
Committee Sub LC 49 2184S,committee-sub-lc-49-2184s,67861f05e4b833befb25b8fe,67843d70a45f9d8484be0987,67a6c615dcb6ce82ee6f156c,false,false,Sat Feb 08 2025 02:48:53 GMT+0000 (Coordinated Universal Time),Sat Feb 08 2025 02:48:53 GMT+0000 (Coordinated Universal Time),Sat Feb 08 2025 02:48:53 GMT+0000 (Coordinated Universal Time),Thu Jan 30 2025 00:00:00 GMT+0000 (Coordinated Universal Time),https://cdn.prod.website-files.com/67843d70a45f9d8484be0988/67a6c592dcb6ce82ee6ed651_230897.pdf,LC 49 2184S
Committee Substitute LC 49 2270S,lc-49-2270s,67861f05e4b833befb25b8fe,67843d70a45f9d8484be0987,67bbeae93b8bc50822d6b7c2,false,false,Mon Feb 24 2025 03:43:37 GMT+0000 (Coordinated Universal Time),Mon Feb 24 2025 03:43:37 GMT+0000 (Coordinated Universal Time),Mon Feb 24 2025 03:43:37 GMT+0000 (Coordinated Universal Time),Fri Feb 21 2025 00:00:00 GMT+0000 (Coordinated Universal Time),https://cdn.prod.website-files.com/67843d70a45f9d8484be0988/67bbeae54b9e40c89d22d5dd_LC%2049%202270S%20SUB%20to%20HB%20267.pdf,LC 49 2270S
Committee Substitute LC 62 0129S ,lc-62-0129s,67861f05e4b833befb25b8fe,67843d70a45f9d8484be0987,67bbedc81a23c677ece49665,false,false,Mon Feb 24 2025 03:55:52 GMT+0000 (Coordinated Universal Time),Mon Feb 24 2025 03:55:52 GMT+0000 (Coordinated Universal Time),Mon Feb 24 2025 03:55:52 GMT+0000 (Coordinated Universal Time),Thu Feb 20 2025 00:00:00 GMT+0000 (Coordinated Universal Time),https://cdn.prod.website-files.com/67843d70a45f9d8484be0988/67bbedbf0f9cf69167d9e3a7_20252026-233358.pdf,LC 62 0129S 
Floor Amend 1 AM 49 0217,am-49-0217,67861f05e4b833befb25b8fe,67843d70a45f9d8484be0987,67a6c4d93034b57db4692710,false,false,Sat Feb 08 2025 02:43:37 GMT+0000 (Coordinated Universal Time),Sat Feb 08 2025 02:43:37 GMT+0000 (Coordinated Universal Time),Sat Feb 08 2025 02:43:37 GMT+0000 (Coordinated Universal Time),Thu Feb 06 2025 00:00:00 GMT+0000 (Coordinated Universal Time),https://cdn.prod.website-files.com/67843d70a45f9d8484be0988/67a6c4c3f0c207f27d266f2a_231696.pdf,AM 49 0217
Floor Amend 2 AM 49 0216,am-49-0216,67861f05e4b833befb25b8fe,67843d70a45f9d8484be0987,67a6c50d3603864a40638f73,false,false,Sat Feb 08 2025 02:44:29 GMT+0000 (Coordinated Universal Time),Sat Feb 08 2025 02:44:29 GMT+0000 (Coordinated Universal Time),Sat Feb 08 2025 02:44:29 GMT+0000 (Coordinated Universal Time),Thu Feb 06 2025 00:00:00 GMT+0000 (Coordinated Universal Time),https://cdn.prod.website-files.com/67843d70a45f9d8484be0988/67a6c5069849e5fcaad153f1_231650.pdf,AM 49 0216
HB 104 Initial Version,hb-104-initial-version,67861f05e4b833befb25b8fe,67843d70a45f9d8484be0987,678d3316ecca737d9047b39b,false,false,Sun Jan 19 2025 17:15:02 GMT+0000 (Coordinated Universal Time),Sun Jan 19 2025 17:15:02 GMT+0000 (Coordinated Universal Time),Sun Jan 19 2025 17:15:02 GMT+0000 (Coordinated Universal Time),Sat Jan 18 2025 00:00:00 GMT+0000 (Coordinated Universal Time),https://cdn.prod.website-files.com/67843d70a45f9d8484be0988/678d330d07aa363b4cd6acdc_20252026-230199.pdf,
